datetime,temp,tempmax,tempmin,humidity,precip,precipprob,windspeed,conditions,City
2025-03-11,28.7,31.0,27.9,59.8,0.0,0.0,22.0,Clear,Mumbai
2025-03-12,28.8,30.3,28.2,60.8,0.0,0.0,25.2,Clear,Mumbai
2025-03-13,27.9,28.2,27.4,68.9,0.0,0.0,17.3,Clear,Mumbai
2025-03-14,27.5,28.8,26.7,67.5,0.0,0.0,25.2,Clear,Mumbai
2025-03-15,27.1,27.6,26.7,68.4,0.0,0.0,26.6,Partially cloudy,Mumbai
2025-03-16,27.0,27.6,26.2,66.7,0.0,0.0,28.8,Partially cloudy,Mumbai
2025-03-17,26.9,27.4,26.6,64.5,0.0,0.0,32.4,Partially cloudy,Mumbai
2025-03-18,26.7,27.3,26.3,62.7,0.0,0.0,28.1,Partially cloudy,Mumbai
2025-03-19,26.9,27.6,26.3,64.9,0.0,0.0,33.5,Partially cloudy,Mumbai
2025-03-20,27.0,27.6,26.1,62.9,0.0,3.2,31.0,Clear,Mumbai
2025-03-21,27.2,27.8,26.7,64.4,0.0,3.2,28.4,Partially cloudy,Mumbai
2025-03-22,27.4,28.0,26.9,66.1,0.0,3.2,31.7,Clear,Mumbai
2025-03-23,27.6,28.2,27.0,66.3,0.0,3.2,33.5,Clear,Mumbai
2025-03-24,27.4,28.1,27.0,69.4,0.0,0.0,23.4,Clear,Mumbai
2025-03-25,27.4,28.0,26.8,65.7,0.0,0.0,22.7,Clear,Mumbai
2025-03-11,27.7,36.1,21.0,21.3,0.0,0.0,21.6,Partially cloudy,Delhi
2025-03-12,28.8,36.3,22.2,20.4,0.0,0.0,22.0,Partially cloudy,Delhi
2025-03-13,29.8,36.7,23.9,19.6,0.3,3.2,17.6,Partially cloudy,Delhi
2025-03-14,28.8,35.9,22.8,20.5,0.0,6.5,17.6,Partially cloudy,Delhi
2025-03-15,28.7,36.5,21.7,24.8,0.1,9.7,20.9,Partially cloudy,Delhi
2025-03-16,28.5,34.2,23.8,21.5,0.0,6.5,20.5,Clear,Delhi
2025-03-17,27.1,33.5,20.4,19.1,0.0,0.0,20.9,Partially cloudy,Delhi
2025-03-18,27.6,34.1,21.4,16.8,0.0,0.0,19.8,Partially cloudy,Delhi
2025-03-19,29.5,36.2,22.7,12.7,0.0,0.0,11.5,Clear,Delhi
2025-03-20,29.4,35.3,23.3,13.0,0.0,3.2,18.4,Clear,Delhi
2025-03-21,28.6,34.4,22.1,15.2,0.0,3.2,9.0,Clear,Delhi
2025-03-22,30.0,36.7,23.1,11.8,0.0,3.2,11.9,Clear,Delhi
2025-03-23,30.5,37.3,23.6,9.9,0.0,0.0,16.6,Partially cloudy,Delhi
2025-03-24,31.2,37.5,24.4,9.4,0.0,0.0,14.8,Clear,Delhi
2025-03-25,31.1,37.6,25.1,7.3,0.0,0.0,29.5,Clear,Delhi
2025-03-11,24.8,31.9,18.4,52.7,0.0,0.0,27.4,Partially cloudy,Bengaluru
2025-03-12,25.7,31.9,20.6,59.2,0.4,16.1,19.1,Partially cloudy,Bengaluru
2025-03-13,27.7,35.1,20.8,43.5,0.0,16.1,20.2,Partially cloudy,Bengaluru
2025-03-14,28.2,35.9,20.8,43.2,0.0,0.0,25.9,Clear,Bengaluru
2025-03-15,28.5,35.7,21.1,40.4,0.0,0.0,24.8,Partially cloudy,Bengaluru
2025-03-16,28.0,35.4,21.3,37.8,0.0,3.2,22.3,Partially cloudy,Bengaluru
2025-03-17,28.4,35.6,21.7,27.7,0.0,6.4,22.7,Partially cloudy,Bengaluru
2025-03-18,28.7,36.3,20.7,32.8,0.0,6.5,23.0,Partially cloudy,Bengaluru
2025-03-19,28.5,35.4,21.5,37.1,0.0,6.5,22.0,Partially cloudy,Bengaluru
2025-03-20,27.9,34.5,22.2,38.0,0.0,9.7,24.5,Partially cloudy,Bengaluru
2025-03-21,27.4,34.3,20.8,38.8,0.0,25.8,19.8,Partially cloudy,Bengaluru
2025-03-22,27.8,34.6,21.0,43.0,0.0,25.8,19.8,Clear,Bengaluru
2025-03-23,28.3,35.6,21.1,42.5,0.0,12.9,22.7,Partially cloudy,Bengaluru
2025-03-24,29.7,36.9,22.5,33.6,0.0,9.7,25.2,Partially cloudy,Bengaluru
2025-03-25,29.7,36.8,22.4,36.6,0.0,9.7,23.4,Partially cloudy,Bengaluru
2025-03-11,27.3,34.1,20.7,42.3,0.0,0.0,17.6,Partially cloudy,Hyderabad
2025-03-12,29.5,36.1,23.2,31.8,0.0,0.0,12.2,Partially cloudy,Hyderabad
2025-03-13,31.7,37.6,25.2,25.5,0.0,0.0,22.3,Partially cloudy,Hyderabad
2025-03-14,32.7,38.3,26.9,19.1,0.0,0.0,16.2,Partially cloudy,Hyderabad
2025-03-15,33.0,38.9,27.1,22.1,0.0,0.0,17.3,Clear,Hyderabad
2025-03-16,32.5,38.3,27.0,28.1,0.0,0.0,22.3,Clear,Hyderabad
2025-03-17,32.5,37.3,28.0,22.1,0.0,0.0,13.7,Partially cloudy,Hyderabad
2025-03-18,32.9,38.6,27.0,19.9,0.0,0.0,15.5,Clear,Hyderabad
2025-03-19,32.7,38.4,28.4,25.7,0.0,3.2,22.7,Partially cloudy,Hyderabad
2025-03-20,31.6,37.9,26.0,35.8,0.0,9.7,23.8,Partially cloudy,Hyderabad
2025-03-21,29.9,36.7,23.4,39.9,0.0,9.7,20.5,Partially cloudy,Hyderabad
2025-03-22,30.7,37.5,23.5,28.7,0.0,16.1,18.0,Clear,Hyderabad
2025-03-23,33.0,39.0,26.4,21.9,0.0,16.1,13.0,Partially cloudy,Hyderabad
2025-03-24,34.5,40.1,29.7,21.9,0.0,16.1,20.9,Partially cloudy,Hyderabad
2025-03-25,33.1,40.5,29.5,29.7,0.6,6.5,32.8,Partially cloudy,Hyderabad
2025-03-11,33.2,40.8,26.0,16.6,0.0,0.0,17.6,Clear,Ahmedabad
2025-03-12,32.9,40.7,26.4,14.8,0.0,0.0,23.8,Clear,Ahmedabad
2025-03-13,31.6,39.0,24.4,20.7,0.0,0.0,25.6,Clear,Ahmedabad
2025-03-14,30.5,38.0,23.5,30.3,0.0,0.0,22.7,Clear,Ahmedabad
2025-03-15,29.6,37.1,22.8,31.6,0.0,0.0,22.3,Clear,Ahmedabad
2025-03-16,28.2,35.4,22.3,24.6,0.0,0.0,22.7,Clear,Ahmedabad
2025-03-17,28.2,36.0,21.1,15.0,0.0,0.0,15.5,Partially cloudy,Ahmedabad
2025-03-18,29.0,36.1,22.6,22.0,0.0,0.0,21.6,Overcast,Ahmedabad
2025-03-19,28.6,35.7,22.6,28.7,0.0,0.0,25.2,Partially cloudy,Ahmedabad
2025-03-20,28.0,35.5,21.2,29.6,0.0,0.0,20.9,Clear,Ahmedabad
2025-03-21,29.2,37.1,22.1,18.9,0.0,3.2,16.9,Clear,Ahmedabad
2025-03-22,30.0,37.8,23.1,19.8,0.0,0.0,16.0,Clear,Ahmedabad
2025-03-23,30.3,38.3,24.0,18.9,0.0,0.0,24.8,Clear,Ahmedabad
2025-03-24,30.8,39.4,22.8,23.2,0.0,0.0,21.6,Partially cloudy,Ahmedabad
2025-03-25,29.3,37.9,22.5,23.7,0.0,0.0,26.6,Clear,Ahmedabad
2025-03-11,27.6,29.3,26.0,75.3,5.2,96.8,28.1,"Rain, Overcast",Chennai
2025-03-12,27.6,29.7,25.2,73.9,0.1,93.5,20.9,"Rain, Partially cloudy",Chennai
2025-03-13,28.7,32.0,25.6,71.3,0.0,3.2,25.9,Partially cloudy,Chennai
2025-03-14,28.6,32.9,25.2,70.3,0.0,0.0,30.6,Partially cloudy,Chennai
2025-03-15,28.8,32.2,26.3,69.2,0.0,0.0,29.2,Partially cloudy,Chennai
2025-03-16,28.5,31.7,26.0,69.7,0.0,3.2,22.3,Overcast,Chennai
2025-03-17,28.4,32.0,25.4,68.9,0.0,0.0,24.8,Partially cloudy,Chennai
2025-03-18,28.5,32.2,25.4,72.8,0.0,3.2,26.6,Partially cloudy,Chennai
2025-03-19,28.7,31.8,26.0,72.3,0.0,6.5,28.4,Partially cloudy,Chennai
2025-03-20,28.9,31.4,26.8,70.3,0.0,9.7,27.4,Partially cloudy,Chennai
2025-03-21,28.5,30.6,26.7,71.6,0.0,6.5,24.8,Partially cloudy,Chennai
2025-03-22,28.6,30.4,27.1,74.7,0.1,6.5,20.5,Partially cloudy,Chennai
2025-03-23,28.8,31.9,26.1,70.9,0.0,3.2,25.9,Partially cloudy,Chennai
2025-03-24,28.9,32.2,26.0,67.8,0.0,6.5,29.5,Partially cloudy,Chennai
2025-03-25,29.1,32.0,27.0,69.0,0.0,3.2,28.4,Partially cloudy,Chennai
2025-03-11,28.2,35.7,22.4,38.9,0.0,0.0,20.9,Clear,Kolkata
2025-03-12,28.9,38.2,22.5,47.7,0.0,0.0,25.9,Clear,Kolkata
2025-03-13,30.0,39.2,24.4,58.6,0.0,0.0,26.3,Clear,Kolkata
2025-03-14,30.0,39.1,25.0,67.8,0.0,0.0,26.3,Clear,Kolkata
2025-03-15,30.1,37.6,24.6,66.7,0.0,0.0,26.3,Clear,Kolkata
2025-03-16,29.8,37.4,24.6,67.4,0.0,0.0,24.1,Clear,Kolkata
2025-03-17,29.7,37.9,24.4,66.3,0.0,0.0,28.1,Partially cloudy,Kolkata
2025-03-18,31.2,40.1,24.6,47.4,0.0,0.0,20.2,Partially cloudy,Kolkata
2025-03-19,30.1,38.2,24.6,62.4,0.0,0.0,26.3,Clear,Kolkata
2025-03-20,29.6,36.8,25.1,67.6,0.0,19.4,31.7,Partially cloudy,Kolkata
2025-03-21,30.5,39.0,25.8,64.7,0.4,19.4,27.0,Partially cloudy,Kolkata
2025-03-22,31.6,40.9,25.4,58.1,0.0,9.7,24.8,Clear,Kolkata
2025-03-23,32.4,42.7,25.4,46.9,0.0,6.5,21.2,Clear,Kolkata
2025-03-24,31.7,40.8,26.1,56.8,0.0,6.5,26.3,Partially cloudy,Kolkata
2025-03-25,31.2,38.6,25.9,59.7,0.8,6.5,27.4,Partially cloudy,Kolkata
2025-03-11,32.8,39.0,28.1,21.5,0.0,0.0,22.3,Clear,Surat
2025-03-12,32.3,38.8,26.6,25.7,0.0,0.0,17.6,Clear,Surat
2025-03-13,30.1,37.2,25.7,39.2,0.0,0.0,21.6,Clear,Surat
2025-03-14,29.4,36.5,24.7,40.0,0.0,0.0,20.2,Clear,Surat
2025-03-15,28.7,34.4,24.4,42.9,0.0,0.0,20.5,Partially cloudy,Surat
2025-03-16,29.0,34.2,25.9,37.9,0.0,0.0,19.1,Partially cloudy,Surat
2025-03-17,28.1,34.0,23.6,37.0,0.0,0.0,18.4,Partially cloudy,Surat
2025-03-18,27.8,34.0,23.4,41.7,0.0,3.2,16.9,Partially cloudy,Surat
2025-03-19,28.2,34.2,24.2,43.4,0.0,6.5,19.4,Partially cloudy,Surat
2025-03-20,28.1,34.0,23.3,39.3,0.0,0.0,18.7,Clear,Surat
2025-03-21,28.7,34.5,23.1,38.5,0.0,3.2,18.0,Partially cloudy,Surat
2025-03-22,30.0,36.5,24.1,29.7,0.0,3.2,20.2,Clear,Surat
2025-03-23,30.1,36.2,25.0,32.1,0.0,0.0,19.1,Clear,Surat
2025-03-24,29.6,36.6,24.9,38.4,0.0,0.0,19.8,Partially cloudy,Surat
2025-03-25,28.8,36.2,24.2,42.3,0.0,3.2,19.1,Clear,Surat
2025-03-11,29.2,35.1,23.3,25.9,0.0,0.0,16.6,Clear,Pune
2025-03-12,29.7,37.0,24.3,24.3,0.0,0.0,15.8,Clear,Pune
2025-03-13,29.2,36.5,23.8,26.1,0.0,0.0,22.0,Clear,Pune
2025-03-14,28.3,36.9,22.1,27.4,0.0,0.0,22.7,Clear,Pune
2025-03-15,28.1,36.4,22.0,25.4,0.0,0.0,23.8,Clear,Pune
2025-03-16,27.7,35.6,21.6,25.7,0.0,0.0,23.0,Clear,Pune
2025-03-17,28.3,36.0,22.5,25.4,0.0,0.0,24.8,Clear,Pune
2025-03-18,28.6,37.0,23.1,23.6,0.0,0.0,29.9,Partially cloudy,Pune
2025-03-19,28.0,36.4,21.8,22.1,0.0,0.0,26.3,Partially cloudy,Pune
2025-03-20,27.8,36.1,21.3,25.9,0.0,3.2,25.2,Clear,Pune
2025-03-21,28.9,36.1,23.2,20.7,0.0,9.7,12.2,Clear,Pune
2025-03-22,29.4,37.4,23.3,26.2,0.0,9.7,26.6,Clear,Pune
2025-03-23,29.6,37.5,23.6,24.1,0.0,9.7,28.1,Clear,Pune
2025-03-24,29.7,38.2,23.6,23.8,0.0,9.7,25.9,Clear,Pune
2025-03-25,29.0,37.5,22.8,20.1,0.0,3.2,22.0,Clear,Pune
2025-03-11,27.4,36.1,19.9,21.5,0.0,0.0,24.5,Partially cloudy,Jaipur
2025-03-12,28.0,36.4,20.0,19.1,0.0,0.0,21.6,Partially cloudy,Jaipur
2025-03-13,28.0,36.3,20.8,17.5,0.0,0.0,24.8,Partially cloudy,Jaipur
2025-03-14,27.8,36.0,20.6,21.1,0.0,0.0,31.7,Partially cloudy,Jaipur
2025-03-15,27.1,34.7,19.8,22.2,0.0,3.2,26.3,Partially cloudy,Jaipur
2025-03-16,25.3,32.5,18.9,23.7,0.0,3.2,22.3,Clear,Jaipur
2025-03-17,25.1,32.3,18.8,18.7,0.0,0.0,20.2,Clear,Jaipur
2025-03-18,25.4,31.1,20.4,15.9,0.0,0.0,22.3,Overcast,Jaipur
2025-03-19,25.9,34.3,18.8,16.1,0.0,3.2,27.4,Clear,Jaipur
2025-03-20,25.5,33.2,18.1,17.4,0.0,3.2,25.2,Partially cloudy,Jaipur
2025-03-21,25.8,33.8,18.7,15.5,0.0,0.0,13.0,Clear,Jaipur
2025-03-22,27.9,35.8,20.6,11.6,0.0,0.0,13.3,Clear,Jaipur
2025-03-23,27.7,36.0,20.6,10.6,0.0,0.0,23.8,Partially cloudy,Jaipur
2025-03-24,27.8,36.1,21.1,10.8,0.0,0.0,24.1,Clear,Jaipur
2025-03-25,25.9,32.4,20.5,10.1,0.0,3.2,29.2,Clear,Jaipur
2025-03-11,27.5,36.6,19.0,21.4,0.0,0.0,22.7,Clear,Lucknow
2025-03-12,30.2,38.6,22.3,17.1,0.0,0.0,31.3,Partially cloudy,Lucknow
2025-03-13,31.5,39.7,24.7,14.9,0.0,0.0,19.8,Partially cloudy,Lucknow
2025-03-14,31.0,39.4,22.8,18.3,0.0,0.0,12.2,Partially cloudy,Lucknow
2025-03-15,31.9,39.4,25.3,15.8,0.0,3.2,15.5,Overcast,Lucknow
2025-03-16,30.5,36.1,25.6,21.0,2.1,6.5,21.2,Partially cloudy,Lucknow
2025-03-17,29.7,36.6,23.4,13.2,0.0,0.0,27.0,Clear,Lucknow
2025-03-18,29.6,37.2,22.0,12.2,0.0,0.0,32.4,Partially cloudy,Lucknow
2025-03-19,31.3,39.7,24.5,10.5,0.0,3.2,18.4,Partially cloudy,Lucknow
2025-03-20,32.0,39.8,24.1,11.5,0.0,6.5,15.5,Partially cloudy,Lucknow
2025-03-21,32.1,39.8,25.9,14.1,0.0,3.2,18.0,Partially cloudy,Lucknow
2025-03-22,31.6,39.9,24.2,8.3,0.0,3.2,19.4,Clear,Lucknow
2025-03-23,32.4,41.1,24.3,8.1,0.0,3.2,22.0,Clear,Lucknow
2025-03-24,31.9,40.1,24.1,8.0,0.0,3.2,18.4,Clear,Lucknow
2025-03-25,33.1,41.6,24.4,7.7,0.0,3.2,17.3,Clear,Lucknow
2025-03-11,29.9,37.4,22.0,17.3,0.0,0.0,11.5,Clear,Nagpur
2025-03-12,32.0,39.4,24.7,14.4,0.0,0.0,14.8,Clear,Nagpur
2025-03-13,33.0,41.0,25.4,13.0,0.0,0.0,20.9,Clear,Nagpur
2025-03-14,33.3,40.9,26.5,13.5,0.0,0.0,22.7,Clear,Nagpur
2025-03-15,33.2,40.3,26.1,14.5,0.0,0.0,13.3,Clear,Nagpur
2025-03-16,34.4,40.0,29.9,15.9,0.0,0.0,16.6,Partially cloudy,Nagpur
2025-03-17,33.0,38.1,29.1,15.6,0.0,0.0,18.4,Partially cloudy,Nagpur
2025-03-18,32.8,39.6,25.5,14.3,0.0,0.0,22.0,Clear,Nagpur
2025-03-19,33.5,40.2,26.9,12.9,0.0,3.2,13.2,Partially cloudy,Nagpur
2025-03-20,33.5,39.5,27.5,15.8,0.0,9.7,25.6,Partially cloudy,Nagpur
2025-03-21,32.3,38.8,25.9,30.8,2.3,29.0,31.3,Partially cloudy,Nagpur
2025-03-22,32.4,39.2,27.9,32.7,1.1,29.0,19.4,Partially cloudy,Nagpur
2025-03-23,34.5,41.2,27.8,24.0,0.0,12.9,19.8,Partially cloudy,Nagpur
2025-03-24,35.3,41.0,29.0,14.8,0.0,3.2,22.7,Clear,Nagpur
2025-03-25,34.5,40.7,28.0,12.1,0.0,3.2,17.3,Clear,Nagpur
2025-03-11,29.5,36.8,23.0,18.6,0.0,0.0,12.2,Clear,Indore
2025-03-12,30.7,37.7,23.5,14.7,0.0,0.0,22.7,Clear,Indore
2025-03-13,29.5,36.6,23.1,16.0,0.0,0.0,29.9,Clear,Indore
2025-03-14,28.6,35.8,21.3,19.9,0.0,0.0,23.8,Clear,Indore
2025-03-15,28.9,36.4,21.7,21.6,0.0,0.0,24.8,Clear,Indore
2025-03-16,28.0,34.7,21.9,22.5,0.0,0.0,19.1,Clear,Indore
2025-03-17,27.9,35.3,21.2,13.3,0.0,0.0,17.3,Clear,Indore
2025-03-18,28.5,36.3,21.9,13.0,0.0,0.0,20.5,Partially cloudy,Indore
2025-03-19,27.9,34.8,21.1,17.8,0.0,6.5,19.4,Partially cloudy,Indore
2025-03-20,27.5,34.2,20.6,19.2,0.0,6.5,22.3,Partially cloudy,Indore
2025-03-21,28.4,34.8,21.4,14.2,0.0,3.2,13.3,Partially cloudy,Indore
2025-03-22,30.2,37.2,22.8,16.4,0.1,6.5,10.1,Partially cloudy,Indore
2025-03-23,31.0,38.1,26.2,15.1,0.0,6.5,24.1,Partially cloudy,Indore
2025-03-24,30.0,37.3,23.1,12.3,0.0,3.2,25.2,Partially cloudy,Indore
2025-03-25,28.8,36.8,21.6,14.8,0.0,0.0,28.4,Clear,Indore
2025-03-11,26.4,35.4,18.5,22.2,0.0,0.0,15.1,Clear,Patna
2025-03-12,29.3,39.1,20.5,16.7,0.0,0.0,32.0,Clear,Patna
2025-03-13,30.2,39.9,21.4,16.9,0.0,0.0,28.4,Clear,Patna
2025-03-14,31.2,40.4,22.9,16.1,0.0,0.0,15.5,Clear,Patna
2025-03-15,32.4,41.4,24.1,15.9,0.0,0.0,17.6,Clear,Patna
2025-03-16,32.8,40.7,25.1,17.4,0.0,0.0,22.0,Partially cloudy,Patna
2025-03-17,32.5,40.9,24.2,17.8,0.0,0.0,29.9,Partially cloudy,Patna
2025-03-18,30.6,39.4,21.4,9.7,0.0,0.0,32.4,Partially cloudy,Patna
2025-03-19,30.7,39.7,21.7,8.9,0.0,0.0,19.4,Partially cloudy,Patna
2025-03-20,32.6,41.6,23.5,10.0,0.0,0.0,11.9,Partially cloudy,Patna
2025-03-21,33.4,39.4,28.0,17.4,0.0,3.2,34.9,Partially cloudy,Patna
2025-03-22,33.6,42.4,25.3,14.3,0.0,3.2,29.2,Clear,Patna
2025-03-23,33.4,42.7,24.1,7.6,0.0,3.2,29.9,Clear,Patna
2025-03-24,33.8,43.0,23.8,8.8,0.0,3.2,24.5,Clear,Patna
2025-03-25,33.7,43.2,24.2,7.1,0.0,3.2,15.5,Partially cloudy,Patna
2025-03-11,29.0,36.4,21.5,17.0,0.0,0.0,11.2,Clear,Bhopal
2025-03-12,30.9,38.4,24.6,14.3,0.0,0.0,20.2,Clear,Bhopal
2025-03-13,31.2,38.3,23.9,12.3,0.0,0.0,32.0,Clear,Bhopal
2025-03-14,30.8,37.6,23.4,15.2,0.0,0.0,24.1,Clear,Bhopal
2025-03-15,31.1,38.2,23.8,17.2,0.0,0.0,23.4,Clear,Bhopal
2025-03-16,30.2,36.8,23.9,21.2,0.0,3.2,21.2,Clear,Bhopal
2025-03-17,29.1,35.7,22.8,14.0,0.0,3.2,21.6,Clear,Bhopal
2025-03-18,29.2,36.7,21.9,13.3,0.0,0.0,17.3,Partially cloudy,Bhopal
2025-03-19,30.0,36.8,23.2,11.8,0.0,9.7,16.9,Partially cloudy,Bhopal
2025-03-20,29.7,34.6,23.2,16.5,0.0,9.7,18.7,Partially cloudy,Bhopal
2025-03-21,29.7,36.1,22.8,13.0,0.0,6.5,15.1,Partially cloudy,Bhopal
2025-03-22,30.8,37.6,24.3,15.9,0.1,6.5,11.9,Partially cloudy,Bhopal
2025-03-23,32.2,39.2,25.9,16.1,0.0,0.0,23.0,Clear,Bhopal
2025-03-24,31.4,38.5,24.1,10.4,0.0,0.0,20.9,Partially cloudy,Bhopal
2025-03-25,31.1,38.3,24.4,10.6,0.0,3.2,27.0,Clear,Bhopal
2025-03-11,26.6,33.3,21.3,62.2,6.6,96.8,28.4,"Rain, Partially cloudy",Coimbatore
2025-03-12,25.7,30.0,22.5,68.1,0.8,96.8,17.3,"Rain, Overcast",Coimbatore
2025-03-13,28.0,35.7,22.3,55.5,0.2,35.5,17.3,Partially cloudy,Coimbatore
2025-03-14,28.9,37.2,22.7,60.4,0.1,6.5,21.2,Partially cloudy,Coimbatore
2025-03-15,29.0,37.5,23.1,58.4,0.0,3.2,22.3,Partially cloudy,Coimbatore
2025-03-16,28.7,37.0,22.7,53.0,0.0,3.2,18.4,Partially cloudy,Coimbatore
2025-03-17,28.4,36.1,22.2,51.4,0.0,12.9,19.1,Partially cloudy,Coimbatore
2025-03-18,28.7,37.2,22.2,52.4,0.0,12.9,20.9,Partially cloudy,Coimbatore
2025-03-19,28.7,37.2,22.4,54.4,0.0,38.7,20.2,Partially cloudy,Coimbatore
2025-03-20,28.7,36.2,22.9,52.5,0.0,45.2,20.2,"Rain, Partially cloudy",Coimbatore
2025-03-21,28.8,35.8,22.9,51.2,0.0,45.2,17.3,"Rain, Partially cloudy",Coimbatore
2025-03-22,29.5,36.0,24.4,53.4,0.3,35.5,24.1,Partially cloudy,Coimbatore
2025-03-23,29.5,37.3,23.8,53.9,0.3,19.4,17.3,Partially cloudy,Coimbatore
2025-03-24,29.5,37.9,23.2,51.9,0.0,19.4,18.7,Partially cloudy,Coimbatore
2025-03-25,29.6,38.4,23.2,53.2,0.0,19.4,22.3,Partially cloudy,Coimbatore
2025-03-11,33.5,40.8,26.7,15.5,0.0,0.0,15.1,Clear,Vadodara
2025-03-12,33.7,41.2,27.2,14.2,0.0,0.0,23.8,Clear,Vadodara
2025-03-13,32.3,40.4,25.8,15.7,0.0,0.0,23.8,Clear,Vadodara
2025-03-14,31.1,39.6,24.6,26.0,0.0,0.0,19.4,Clear,Vadodara
2025-03-15,29.8,38.0,24.4,29.1,0.1,0.0,22.0,Clear,Vadodara
2025-03-16,30.2,37.0,25.8,22.9,0.0,6.5,21.2,Clear,Vadodara
2025-03-17,29.6,37.1,23.0,11.6,0.0,0.0,13.0,Clear,Vadodara
2025-03-18,29.5,37.3,22.8,22.6,0.0,0.0,22.3,Partially cloudy,Vadodara
2025-03-19,29.5,37.4,23.8,28.2,0.0,3.2,20.9,Partially cloudy,Vadodara
2025-03-20,29.2,36.8,23.3,25.9,0.0,3.2,19.1,Clear,Vadodara
2025-03-21,29.7,37.4,23.3,23.1,0.0,0.0,11.9,Partially cloudy,Vadodara
2025-03-22,31.5,38.9,24.1,15.9,0.0,6.5,14.0,Clear,Vadodara
2025-03-23,32.0,39.4,25.1,15.2,0.0,0.0,22.3,Clear,Vadodara
2025-03-24,31.3,39.0,24.6,18.0,0.0,0.0,22.0,Partially cloudy,Vadodara
2025-03-25,30.3,39.0,23.9,24.8,0.0,0.0,23.0,Clear,Vadodara
2025-03-11,26.6,31.0,22.7,58.1,0.0,0.0,16.9,Partially cloudy,Visakhapatnam
2025-03-12,27.5,33.9,22.7,60.9,0.0,0.0,22.7,Partially cloudy,Visakhapatnam
2025-03-13,28.6,35.0,24.4,69.5,0.0,0.0,28.4,Partially cloudy,Visakhapatnam
2025-03-14,28.8,35.0,25.1,68.6,0.0,0.0,29.9,Clear,Visakhapatnam
2025-03-15,28.6,34.3,25.1,69.6,0.0,0.0,29.5,Clear,Visakhapatnam
2025-03-16,28.3,33.5,24.3,68.3,0.0,0.0,25.9,Partially cloudy,Visakhapatnam
2025-03-17,28.4,33.7,24.6,65.8,0.0,0.0,26.3,Partially cloudy,Visakhapatnam
2025-03-18,29.0,34.6,25.7,60.3,0.0,0.0,29.9,Partially cloudy,Visakhapatnam
2025-03-19,28.4,32.6,25.3,70.8,0.0,0.0,27.7,Partially cloudy,Visakhapatnam
2025-03-20,28.2,31.8,25.1,73.3,0.0,3.2,28.8,Partially cloudy,Visakhapatnam
2025-03-21,28.2,32.6,24.6,70.4,0.0,6.5,24.8,Partially cloudy,Visakhapatnam
2025-03-22,28.5,34.0,24.6,64.9,0.0,6.5,21.2,Partially cloudy,Visakhapatnam
2025-03-23,29.3,34.6,25.8,60.4,0.0,6.5,24.8,Partially cloudy,Visakhapatnam
2025-03-24,29.7,34.4,26.5,62.0,0.0,6.5,29.5,Partially cloudy,Visakhapatnam
2025-03-25,29.1,34.1,26.0,68.9,0.0,6.5,27.0,Partially cloudy,Visakhapatnam
2025-03-11,27.7,37.3,19.0,21.9,0.0,0.0,22.7,Clear,Kanpur
2025-03-12,29.9,39.0,21.7,17.6,0.0,0.0,29.9,Clear,Kanpur
2025-03-13,30.8,39.7,23.0,15.3,0.0,0.0,19.4,Partially cloudy,Kanpur
2025-03-14,30.7,39.8,22.2,16.9,0.0,0.0,12.6,Partially cloudy,Kanpur
2025-03-15,31.4,39.8,24.4,16.6,0.0,0.0,18.4,Overcast,Kanpur
2025-03-16,30.2,37.2,24.1,21.9,1.2,6.5,25.2,Partially cloudy,Kanpur
2025-03-17,28.3,36.2,20.6,14.9,0.0,0.0,27.7,Clear,Kanpur
2025-03-18,28.4,37.0,20.6,14.0,0.0,0.0,31.7,Partially cloudy,Kanpur
2025-03-19,30.8,39.7,23.4,11.1,0.0,3.2,16.6,Partially cloudy,Kanpur
2025-03-20,31.5,39.5,23.9,12.4,0.0,9.7,20.5,Partially cloudy,Kanpur
2025-03-21,31.1,39.0,23.9,12.6,0.0,0.0,14.4,Partially cloudy,Kanpur
2025-03-22,30.8,39.9,22.2,9.1,0.0,0.0,16.2,Clear,Kanpur
2025-03-23,31.9,41.1,23.6,8.6,0.0,0.0,22.7,Clear,Kanpur
2025-03-24,31.1,39.9,22.5,8.5,0.0,0.0,19.1,Clear,Kanpur
2025-03-25,32.1,41.7,23.9,7.9,0.0,3.2,23.4,Clear,Kanpur
2025-03-11,24.0,32.7,18.1,30.1,0.0,0.0,17.6,Partially cloudy,Ludhiana
2025-03-12,24.6,34.0,17.1,36.4,0.0,6.5,19.4,Partially cloudy,Ludhiana
2025-03-13,24.9,34.7,17.5,39.1,0.1,16.1,22.0,Partially cloudy,Ludhiana
2025-03-14,22.8,31.7,16.8,39.9,0.1,16.1,28.4,Partially cloudy,Ludhiana
2025-03-15,23.6,34.6,16.2,44.2,0.1,32.3,24.5,Partially cloudy,Ludhiana
2025-03-16,22.3,32.1,14.3,47.5,0.1,32.3,20.9,Partially cloudy,Ludhiana
2025-03-17,22.7,31.6,15.8,35.4,0.0,3.2,20.2,Clear,Ludhiana
2025-03-18,23.9,33.8,14.4,28.6,0.0,0.0,19.8,Partially cloudy,Ludhiana
2025-03-19,27.0,37.6,18.1,18.4,0.0,0.0,21.2,Partially cloudy,Ludhiana
2025-03-20,24.9,34.4,15.8,24.0,0.2,3.2,22.7,Partially cloudy,Ludhiana
2025-03-21,25.0,35.3,15.7,21.6,0.0,3.2,12.2,Clear,Ludhiana
2025-03-22,27.4,38.5,18.3,17.3,0.0,3.2,13.7,Partially cloudy,Ludhiana
2025-03-23,28.8,38.3,18.7,14.0,0.0,3.2,19.4,Partially cloudy,Ludhiana
2025-03-24,27.9,38.1,18.5,13.5,0.0,3.2,18.0,Clear,Ludhiana
2025-03-25,27.7,37.9,19.4,11.6,0.1,3.2,27.4,Partially cloudy,Ludhiana
